,Group,Point,mean_rank,measures
0,ST030,L0606,80.0,2
1,ST030,L0608,87.5,2
2,ST030,L0609,80.5,2
3,ST030,L0610,74.0,2
4,ST030,L0611,70.0,2
5,ST030,L0701,30.5,2
6,ST030,L0703,145.5,2
7,ST030,L0704,191.5,2
8,ST030,L0706,199.5,2
9,ST030,L0707,136.0,1
10,ST030,L0708,112.5,2
11,ST030,L0712,45.0,2
12,ST030,L0713,52.5,2
13,ST030,L0726,38.5,2
14,ST030,L0799,54.5,2
15,ST60,F0801,53.0,2
16,ST60,F0802,49.0,2
17,ST60,L0411,25.5,2
18,ST60,L0606,25.5,2
19,ST60,L0608,52.0,2
20,ST60,L0609,33.0,2
21,ST60,L0610,42.5,2
22,ST60,L0611,38.0,2
23,ST60,L0703,34.5,2
24,ST60,L0704,41.5,2
25,ST60,L0706,88.5,2
26,ST60,L0707,44.0,2
27,ST60,L0708,88.0,2
28,ST60,L0726,87.0,2
29,ST60,L0727,60.5,2
30,ST60,L0798,60.5,2
31,ST60,L0799,62.5,2
32,ST60,R073,157.0,2
33,ST60,R079,36.5,2
34,ST57,F0802,11.0,2
35,ST57,L0606,32.5,2
36,ST57,L0607,10.0,2
37,ST57,L0608,68.5,2
38,ST57,L0609,53.0,2
39,ST57,L0610,81.0,2
40,ST57,L0611,70.5,2
41,ST57,L0612,29.0,2
42,ST57,L0613,27.5,2
43,ST57,L0615,31.5,2
44,ST57,L0616,26.5,2
45,ST57,L0703,25.5,2
46,ST57,L0704,25.5,2
47,ST57,L0706,57.5,2
48,ST57,L0707,18.5,2
49,ST57,L0708,21.0,2
50,ST57,L0726,46.5,2
51,ST57,L0727,38.5,2
52,ST57,R073,33.0,2
53,ST89,L0729,48.5,2
54,ST89,L0730,73.0,2
55,ST89,L0738,75.5,2
56,ST89,L0742,51.0,2
57,ST89,L0803,73.0,2
58,ST89,L0804,65.0,2
59,ST89,L0806,68.0,2
60,ST89,L0807,68.5,2
61,ST89,L0808,63.0,2
62,ST89,L0809,30.5,2
63,ST89,L0810,26.5,2
64,ST89,L0811,22.5,2
65,ST89,L0812,22.0,2
66,ST89,L0814,26.5,2
67,ST89,L0816,26.0,2
68,ST89,L0820,39.0,2
69,ST89,L0821,48.0,2
70,ST89,L0824,49.0,2
71,ST89,L0827,35.5,2
72,ST90,L0729,90.5,2
73,ST90,L0730,83.5,2
74,ST90,L0738,74.0,2
75,ST90,L0742,49.0,2
76,ST90,L0801,16.5,2
77,ST90,L0802,27.5,2
78,ST90,L0803,58.5,2
79,ST90,L0804,69.5,2
80,ST90,L0806,86.5,2
81,ST90,L0807,64.0,2
82,ST90,L0816,29.5,2
83,ST90,L0817,11.5,2
84,ST90,L0819,22.0,2
85,ST90,L0820,41.0,2
86,ST90,L0821,33.5,2
87,ST045,L0727,41.5,2
88,ST045,L0728,52.0,2
89,ST045,L0729,53.5,2
90,ST045,L0730,59.0,2
91,ST045,L0731,34.0,2
92,ST045,L0733,35.5,2
93,ST045,L0742,109.5,2
94,ST045,L0801,18.0,2
95,ST045,L0803,119.5,2
96,ST045,L0804,179.0,2
97,ST045,L0806,185.5,2
98,ST045,L0807,118.5,2
99,ST045,L0808,58.0,2
100,ST045,L0817,26.0,2
101,ST045,L0820,27.0,2
102,ST045,L0821,30.5,2
103,ST045,L0824,27.0,2
104,ST047,L0727,43.0,2
105,ST047,L0728,37.5,2
106,ST047,L0732,33.0,2
107,ST047,L0733,36.0,2
108,ST047,L0734,38.5,2
109,ST047,L0736,48.0,2
110,ST047,L0803,47.0,2
111,ST047,L0804,94.0,2
112,ST047,L0806,89.5,2
113,ST051,L0733,110.5,2
114,ST051,L0734,42.5,2
115,ST051,L0738,81.5,2
116,ST051,L0741,118.0,2
117,ST051,L0803,172.5,2
118,ST051,L0804,200.0,1
119,ST051,L0806,185.5,2
120,ST051,L0807,167.5,2
121,ST051,L0808,119.5,2
122,ST051,L0820,161.5,2
123,ST051,L0821,125.5,2
124,ST051,L0822,92.0,2
125,ST051,L0828,70.0,2
126,ST051,L0860,29.0,2
127,ST61,F0901,49.0,2
128,ST61,F0902,58.0,2
129,ST61,L0742,86.5,2
130,ST61,L0803,77.0,2
131,ST61,L0804,81.5,2
132,ST61,L0808,46.0,2
133,ST61,R079,46.5,2
134,ST61,R083,41.5,2
135,ST61,R086,22.5,2
136,ST61,R087,28.5,2
137,ST63,L0742,90.0,2
138,ST63,L0803,127.5,2
139,ST63,L0804,135.0,2
140,ST63,L0806,103.0,2
141,ST63,L0807,93.0,2
142,ST63,L0808,59.0,2
143,ST63,L0817,42.5,2
144,ST63,L0818,48.5,2
145,ST63,R079,38.0,2
146,ST63,R083,28.5,2
147,ST63,R086,33.0,2
148,ST001,F0101,60.5,2
149,ST001,F0102,52.5,2
150,ST001,F0103,25.0,2
151,ST001,F0104,54.5,2
152,ST001,F0105,55.5,2
153,ST001,F0201,36.5,2
154,ST001,F0202,27.5,2
155,ST001,F0203,25.5,2
156,ST001,F0204,42.0,2
157,ST001,F0205,39.5,2
158,ST001,F1201,32.5,2
159,ST001,F1202,41.0,2
160,ST001,F1203,45.5,2
161,ST001,F1204,49.5,2
162,ST001,I-TR1-MAG-SM1B-01-F1,55.0,2
163,ST001,R001,37.0,2
164,ST001,R002,41.5,2
165,ST001,R004,53.0,2
166,ST001,R007,24.0,2
167,ST001,R008,32.0,2
168,ST001,R009,21.0,2
169,ST001,R010,28.0,2
170,ST001,R011,19.0,2
171,ST001,R014,22.0,2
172,ST001,R018,20.5,2
173,ST001,R108,51.0,2
174,ST001,R109,44.5,2
175,ST001,R110,46.0,2
176,ST001,R1114,40.5,2
177,ST001,R115,42.5,2
178,ST001,R117,44.0,2
179,ST001,U12F1,30.5,2
180,ST001,U12F11,21.0,2
181,ST001,U12F14,9.0,1
182,ST001,U12F2,45.0,2
183,ST001,U12F4,28.0,2
184,ST001,U12F5,30.5,2
185,ST001,U12F6,34.5,2
186,ST001,U12F7,32.5,2
187,ST001,U12F8,30.5,2
188,ST001,U12F9,31.0,2
189,ST002,F0101,35.5,2
190,ST002,F0102,29.5,2
191,ST002,F0103,14.5,2
192,ST002,F0104,40.5,2
193,ST002,F0105,33.0,2
194,ST002,F0201,33.5,2
195,ST002,F0202,28.5,2
196,ST002,F0203,29.0,2
197,ST002,F0204,43.5,2
198,ST002,F0205,59.0,2
199,ST002,F0301,38.0,2
200,ST002,F0302,36.5,2
201,ST002,F0303,35.0,2
202,ST002,F0304,26.5,2
203,ST002,F0305,44.5,2
204,ST002,R001,16.5,2
205,ST002,R002,21.0,2
206,ST002,R004,21.5,2
207,ST002,R007,29.0,2
208,ST002,R008,25.5,2
209,ST002,R009,40.0,2
210,ST002,R010,20.0,2
211,ST002,R011,26.0,2
212,ST002,R014,18.5,2
213,ST002,R015,16.0,2
214,ST002,R016,30.5,2
215,ST002,R020,12.0,2
216,ST002,R021,11.5,2
217,ST002,R024,26.5,2
218,ST002,R109,44.5,2
219,ST002,R1114,23.5,2
220,ST002,R115,23.5,2
221,ST003,F0101,26.5,2
222,ST003,F0102,28.0,2
223,ST003,F0103,16.0,2
224,ST003,F0104,15.0,2
225,ST003,F0105,19.5,2
226,ST003,F0201,26.0,2
227,ST003,F0202,32.0,2
228,ST003,F0203,26.5,2
229,ST003,F0204,44.5,2
230,ST003,F0205,49.5,2
231,ST003,F0301,36.5,2
232,ST003,F0302,37.5,2
233,ST003,F0303,22.5,2
234,ST003,F0304,31.0,2
235,ST003,F0305,36.5,2
236,ST003,R004,23.5,2
237,ST003,R007,14.0,2
238,ST003,R008,24.0,2
239,ST003,R009,22.0,2
240,ST003,R010,18.0,2
241,ST003,R011,32.0,2
242,ST003,R014,18.0,2
243,ST003,R018,17.5,2
244,ST003,R020,18.0,2
245,ST003,R021,14.5,2
246,ST003,R024,34.5,2
247,ST003,R025,6.0,2
248,ST003,R026,18.5,2
249,ST003,R027,31.5,2
250,ST003,R029,17.5,2
251,ST003,R109,53.5,2
252,ST008,F0101,53.5,2
253,ST008,F0102,63.5,2
254,ST008,F0103,55.0,2
255,ST008,F0104,130.5,2
256,ST008,F0105,66.5,2
257,ST008,F0201,35.5,2
258,ST008,F0202,28.0,2
259,ST008,F0203,31.0,2
260,ST008,F0204,31.0,2
261,ST008,F0205,44.5,2
262,ST008,F1201,34.5,2
263,ST008,F1202,60.0,2
264,ST008,F1203,46.5,2
265,ST008,F1204,29.5,2
266,ST008,F1205,28.5,2
267,ST008,R001,29.0,2
268,ST008,R002,25.5,2
269,ST008,R007,37.0,2
270,ST008,R008,39.0,2
271,ST008,R010,53.0,2
272,ST008,R014,42.5,2
273,ST008,R108,31.5,2
274,ST008,R109,43.5,2
275,ST008,R110,43.5,2
276,ST008,R1114,16.5,2
277,ST008,R113,53.5,2
278,ST008,R115,17.0,2
279,ST008,R116,45.0,2
280,ST008,R117,40.5,2
281,ST008,U12F1,47.5,2
282,ST008,U12F12,29.0,2
283,ST008,U12F14,42.5,2
284,ST008,U12F2,47.0,2
285,ST008,U12F4,28.5,2
286,ST008,U12F5,40.5,2
287,ST008,U12F6,42.5,2
288,ST008,U12F7,57.0,2
289,ST008,U12F8,44.0,2
290,ST008,U12F9,18.0,2
291,ST009,F0101,27.5,2
292,ST009,F0103,28.0,2
293,ST009,F0104,27.0,2
294,ST009,F0105,34.5,2
295,ST009,F1101,39.0,2
296,ST009,F1102,24.5,2
297,ST009,F1103,19.5,2
298,ST009,F1202,48.5,2
299,ST009,F1203,22.5,2
300,ST009,F1204,13.5,2
301,ST009,F1205,21.5,2
302,ST009,R001,29.5,2
303,ST009,R002,46.5,2
304,ST009,R004,32.5,2
305,ST009,R007,36.5,2
306,ST009,R008,17.0,2
307,ST009,R010,26.0,2
308,ST009,R107,53.0,2
309,ST009,R108,28.5,2
310,ST009,R109,31.5,2
311,ST009,R110,33.0,2
312,ST009,R1114,36.5,2
313,ST009,R113,68.5,2
314,ST009,R115,25.0,2
315,ST009,R117,10.5,2
316,ST009,U12F1,12.5,2
317,ST009,U12F12,27.5,2
318,ST009,U12F14,33.0,2
319,ST009,U12F2,19.0,2
320,ST009,U12F4,18.5,2
321,ST009,U12F5,17.0,2
322,ST009,U12F6,23.0,2
323,ST009,U12F7,19.0,2
324,ST009,U12F8,15.0,2
325,ST009,U12F9,23.5,2
326,ST010,F0103,22.0,2
327,ST010,F0104,42.5,2
328,ST010,F0105,42.5,2
329,ST010,F1002,28.5,2
330,ST010,F1003,39.5,2
331,ST010,F1101,27.5,2
332,ST010,F1102,41.5,2
333,ST010,F1103,12.5,2
334,ST010,F1104,68.5,2
335,ST010,F1105,43.5,2
336,ST010,F1203,15.0,2
337,ST010,F1204,30.5,2
338,ST010,F1205,25.0,2
339,ST010,R002,20.5,2
340,ST010,R004,47.0,2
341,ST010,R098,39.5,2
342,ST010,R099,16.0,2
343,ST010,R101,26.5,2
344,ST010,R103,67.5,2
345,ST010,R104,158.5,2
346,ST010,R107,103.0,2
347,ST010,R108,64.0,2
348,ST010,R109,43.0,2
349,ST010,R110,56.5,2
350,ST010,R1114,23.5,2
351,ST010,R115,23.0,2
352,ST010,R117,35.0,2
353,ST010,U11F0,29.0,2
354,ST010,U11F1,27.5,2
355,ST010,U11F10,31.5,2
356,ST010,U11F11,41.0,2
357,ST010,U11F12,34.0,2
358,ST010,U11F19,42.5,2
359,ST010,U11F2,39.5,2
360,ST010,U11F20,37.5,2
361,ST010,U11F32,32.0,2
362,ST010,U11F4,42.0,2
363,ST010,U11F5,22.5,2
364,ST010,U11F6,32.0,2
365,ST010,U11F7,30.5,2
366,ST010,U11F8,27.0,2
367,ST010,U11F9,39.0,2
368,ST010,U12F11,37.0,2
369,ST010,U12F12,33.5,2
370,ST010,U12F14,80.0,2
371,ST010,U12F16,59.5,2
372,ST010,U12F17,43.5,2
373,ST010,U12F18,46.0,2
374,ST010,U12F6,40.5,2
375,ST010,U12F8,44.0,2
376,ST010,U12F9,36.5,2
377,ST034,L0907,77.5,2
378,ST034,L1001,57.0,2
379,ST034,L1002,37.5,2
380,ST034,L1004,108.0,2
381,ST034,L1005,104.0,2
382,ST034,L1006,49.0,2
383,ST034,L1016,50.0,2
384,ST034,L1017,26.0,2
385,ST034,L1018,29.0,2
386,ST034,L1021,136.0,2
387,ST034,L1023,38.5,2
388,ST034,L1063,67.5,2
389,ST035,L0907,63.0,2
390,ST035,L1001,27.0,2
391,ST035,L1002,15.5,2
392,ST035,L1004,57.5,2
393,ST035,L1005,56.5,2
394,ST035,L1006,21.0,2
395,ST035,L1009,28.5,2
396,ST035,L1010,13.5,2
397,ST035,L1011,19.0,2
398,ST035,L1018,16.0,2
399,ST035,L1021,19.5,2
400,ST035,L1023,28.5,2
401,ST035,L1024,62.0,2
402,ST035,L1062,71.5,2
403,ST035,L1063,58.5,2
404,ST036,L1007,22.5,2
405,ST036,L1008,14.5,2
406,ST036,L1009,15.0,2
407,ST036,L1014,29.0,2
408,ST036,L1016,24.0,2
409,ST036,L1018,38.0,2
410,ST036,L1019,144.0,2
411,ST036,L1020,9.0,2
412,ST036,L1021,37.0,2
413,ST056,L0831,34.5,2
414,ST056,L0832,20.0,2
415,ST056,L0835,64.5,2
416,ST056,L0836,17.0,2
417,ST056,L0838,50.5,2
418,ST056,L0839,13.0,2
419,ST056,L0901,54.5,2
420,ST056,L0902,67.5,2
421,ST056,L0904,83.0,2
422,ST056,L0905,46.0,2
423,ST056,L0906,42.0,2
424,ST056,L1001,69.0,2
425,ST056,L1002,90.5,2
426,ST056,L1004,78.5,2
427,ST056,L1005,49.0,2
428,ST056,L1006,18.0,2
429,ST056,L1021,32.0,2
430,ST056,L1023,57.0,2
431,ST056,L1063,35.5,2
432,ST057,L0823,60.0,2
433,ST057,L0826,76.5,2
434,ST057,L0833,56.0,2
435,ST057,L0835,43.0,2
436,ST057,L0836,24.0,2
437,ST057,L0838,24.5,2
438,ST057,L0901,82.5,2
439,ST057,L0902,125.0,2
440,ST057,L0904,132.0,2
441,ST057,L0905,83.5,2
442,ST057,L0906,69.5,2
443,ST057,L0907,68.5,2
444,ST057,L1001,41.0,2
445,ST057,L1002,100.0,2
446,ST057,L1004,85.5,2
447,ST057,L1005,74.0,2
448,ST057,L1006,29.5,2
449,ST057,L1016,53.0,2
450,ST057,L1017,51.0,2
451,ST057,L1021,42.5,2
452,ST057,L1023,54.0,2
453,ST057,L1063,83.5,2
454,ST059,L0835,67.0,2
455,ST059,L1001,47.5,2
456,ST059,L1002,47.0,2
457,ST059,L1004,54.5,2
458,ST059,L1005,46.0,2
459,ST059,L1006,31.5,2
460,ST059,L1021,37.0,2
461,ST059,L1023,38.5,2
462,ST059,L1061,64.5,2
463,ST059,L1062,66.5,2
464,ST059,L1063,55.5,2
465,ST059,L1104,92.5,2
466,ST059,L1105,62.5,2
467,ST64,F1101,36.5,2
468,ST64,F1102,25.0,2
469,ST64,L0826,50.5,2
470,ST64,L0833,56.0,2
471,ST64,L0835,77.0,2
472,ST64,L0838,69.0,2
473,ST64,L0907,39.5,2
474,ST64,L1001,53.0,2
475,ST64,L1002,72.5,2
476,ST64,L1004,121.5,2
477,ST64,L1005,89.0,2
478,ST64,L1017,85.0,2
479,ST64,L1021,126.5,2
480,ST64,L1023,66.0,2
481,ST64,L1063,44.0,2
482,ST64,R101,31.5,2
483,ST64,R108,24.0,2
484,ST55,L0411,34.5,2
485,ST55,L0606,26.5,2
486,ST55,L0607,19.5,2
487,ST55,L0608,21.5,2
488,ST55,L0609,10.5,2
489,ST55,L0610,23.5,2
490,ST55,L0611,26.5,2
491,ST55,L0612,35.0,2
492,ST55,L0613,37.0,2
493,ST55,L0615,40.0,2
494,ST55,L0616,12.0,2
495,ST55,L0704,25.5,2
496,ST55,R056,49.5,2
497,ST55,R060,44.0,2
498,ST59,F0801,35.0,2
499,ST59,F0802,40.5,2
500,ST59,L0608,31.5,2
501,ST59,L0609,33.0,2
502,ST59,L0610,54.5,2
503,ST59,L0611,36.0,2
504,ST59,L0703,66.0,2
505,ST59,L0704,85.5,2
506,ST59,L0708,93.0,2
507,ST59,L0798,44.0,2
508,ST59,L0799,49.0,2
509,ST59,R060,33.5,2
510,ST59,R073,33.0,2
511,ST59,R079,33.0,2
512,ST54,F0604,105.5,2
513,ST54,F0605,104.0,2
514,ST54,F0701,66.5,2
515,ST54,F0702,55.0,2
516,ST54,L0411,31.0,2
517,ST54,L0608,37.5,2
518,ST54,L0609,50.0,2
519,ST54,L0610,35.0,2
520,ST54,L0612,115.5,2
521,ST54,L0613,114.5,2
522,ST54,R056,41.5,2
523,ST54,R060,55.5,2
524,ST54,R064,73.5,2
525,ST54,R067,54.0,2
526,ST54,R068,56.5,2
527,ST56,F0701,52.0,2
528,ST56,F0702,77.0,2
529,ST56,F0903,35.5,2
530,ST56,F0904,47.0,2
531,ST56,F0905,35.5,2
532,ST56,L0411,32.5,2
533,ST56,L0606,8.5,2
534,ST56,L0607,38.0,2
535,ST56,L0608,22.5,2
536,ST56,L0610,19.5,2
537,ST56,L0611,17.5,2
538,ST56,L0612,72.0,2
539,ST56,L0613,85.5,2
540,ST56,L0615,73.5,2
541,ST56,L0616,47.5,2
542,ST56,R064,50.0,2
543,ST56,R067,48.5,2
544,ST56,R068,68.0,2
545,ST100,L0311,56.0,2
546,ST100,L0411,86.0,2
547,ST100,L0412,89.5,2
548,ST100,L0607,77.5,2
549,ST100,L0608,76.5,2
550,ST100,L0609,80.0,2
551,ST100,L0612,101.0,2
552,ST100,L0613,151.5,2
553,ST100,L0615,113.5,2
554,ST100,L0616,75.0,2
555,ST101,L0401,54.5,2
556,ST101,L0402,57.0,2
557,ST101,L0403,72.0,2
558,ST101,L0404,99.0,2
559,ST101,L0405,71.0,2
560,ST101,L0411,43.0,2
561,ST101,L0412,91.5,2
562,ST101,L0606,32.5,2
563,ST101,L0608,50.5,2
564,ST101,L0609,43.5,2
565,ST101,L0612,124.0,2
566,ST101,L0613,153.5,2
567,ST101,L0615,118.5,2
568,ST101,L0616,85.0,2
569,ST038,L1025,54.5,2
570,ST038,L1026,77.0,2
571,ST038,L1044,68.0,2
572,ST038,L1045,45.5,2
573,ST038,L1046,42.5,2
574,ST038,L1062,67.5,2
575,ST038,L1101,72.5,2
576,ST038,L1102,78.0,2
577,ST038,L1103,102.5,2
578,ST038,L1104,113.5,2
579,ST038,L1105,99.0,2
580,ST038,L1113A,48.5,2
581,ST038,L1114,26.0,2
582,ST038,L1119,52.5,2
583,ST038,L1120,20.5,2
584,ST038,L1121,75.0,2
585,ST042,L1024B,39.5,2
586,ST042,L1025,37.0,2
587,ST042,L1026,23.5,2
588,ST042,L1027,66.0,2
589,ST042,L1046,45.0,2
590,ST042,L1062,49.5,2
591,ST042,L1101,79.0,2
592,ST042,L1102,101.0,2
593,ST042,L1103,121.5,2
594,ST042,L1104,95.0,2
595,ST042,L1105,63.5,2
596,ST042,L1113A,33.0,2
597,ST042,L1114,41.5,2
598,ST042,L1115,49.0,2
599,ST042,L1119,53.5,2
600,ST042,L1120,52.0,2
601,ST063,L1026,17.5,2
602,ST063,L1027,16.0,2
603,ST063,L1032,13.5,2
604,ST063,L1034,15.0,2
605,ST063,L1037,30.0,2
606,ST063,L1050,39.5,2
607,ST063,L1051,28.5,2
608,ST063,L1101,45.0,2
609,ST063,L1102,30.0,2
610,ST063,L1103,36.5,2
611,ST70,F1201,21.5,2
612,ST70,F1202,71.0,2
613,ST70,L1024,70.5,2
614,ST70,L1026,159.0,2
615,ST70,L1027,117.5,2
616,ST70,L1044,60.5,2
617,ST70,L1046,99.5,2
618,ST70,L1101,24.5,2
619,ST70,L1102,44.5,2
620,ST70,L1103,40.0,2
621,ST70,L1104,118.5,2
622,ST70,L1105,76.5,2
623,ST70,L1120,60.5,2
624,ST70,L1121,47.0,2
625,ST70,R001,53.0,2
626,ST70,R113,61.5,2
627,ST71,F1201,41.5,2
628,ST71,F1202,39.0,2
629,ST71,L1101,21.0,2
630,ST71,L1102,45.5,2
631,ST71,L1103,173.0,2
632,ST71,L1114,59.0,2
633,ST71,L1119,91.5,2
634,ST71,L1120,51.5,2
635,ST71,L1121,42.5,2
636,ST71,R001,49.5,2
637,ST71,R103,56.0,2
638,ST71,R1114,81.5,2
639,ST71,R113,35.5,2
640,ST87,L0729,16.0,2
641,ST87,L0730,56.5,2
642,ST87,L0742,19.5,2
643,ST87,L0801,23.5,2
644,ST87,L0802,22.0,2
645,ST87,L0809,18.0,2
646,ST87,L0810,45.0,2
647,ST87,L0811,28.5,2
648,ST87,L0812,24.5,2
649,ST87,L0814,13.0,2
650,ST87,L0815,9.5,2
651,ST87,L0816,13.0,1
652,ST87,L0818,24.5,2
653,ST87,L0819,17.0,2
654,ST87,L0820,21.0,2
655,ST88,L0738,41.0,2
656,ST88,L0801,23.5,2
657,ST88,L0809,42.0,2
658,ST88,L0810,60.0,2
659,ST88,L0811,47.5,2
660,ST88,L0812,37.5,2
661,ST88,L0814,41.0,2
662,ST88,L0815,30.0,2
663,ST88,L0816,19.0,2
664,ST88,L0817,29.5,2
665,ST88,L0818,12.5,2
666,ST88,L0819,26.0,2
667,ST88,L0820,30.0,2
668,ST046,L0727,34.0,2
669,ST046,L0728,43.0,2
670,ST046,L0729,29.5,2
671,ST046,L0730,35.0,2
672,ST046,L0732,39.5,2
673,ST046,L0736,38.5,2
674,ST046,L0742,70.5,2
675,ST046,L0798,20.0,2
676,ST046,L0799,18.0,2
677,ST046,L0801,26.5,2
678,ST046,L0808,65.5,2
679,ST046,L0817,13.5,2
680,ST046,L0820,13.0,2
681,ST046,L0821,10.0,2
682,ST050,L0733,30.5,2
683,ST050,L0734,58.0,2
684,ST050,L0736,41.5,2
685,ST050,L0738,38.0,2
686,ST050,L0739,23.0,2
687,ST050,L0740,23.5,2
688,ST050,L0741,25.0,2
689,ST050,L0820,26.5,2
690,ST050,L0821,14.5,2
691,ST050,L0827,27.5,2
692,ST050,L0828,22.5,2
693,ST011,F1001,26.0,2
694,ST011,F1002,28.0,2
695,ST011,F1003,35.0,2
696,ST011,F1101,9.5,2
697,ST011,F1102,25.0,2
698,ST011,F1103,12.5,2
699,ST011,F1104,16.5,2
700,ST011,F1105,43.0,2
701,ST011,F1203,38.0,2
702,ST011,F1204,41.0,2
703,ST011,F1205,42.0,2
704,ST011,R087,33.0,2
705,ST011,R089,22.0,2
706,ST011,R092,37.5,2
707,ST011,R093,42.5,2
708,ST011,R094,40.5,2
709,ST011,R098,30.5,2
710,ST011,R099,30.0,2
711,ST011,R101,49.5,2
712,ST011,R103,38.0,2
713,ST011,R104,112.0,2
714,ST011,R106,42.0,2
715,ST011,R108,69.0,2
716,ST011,R109,51.5,2
717,ST011,R110,58.0,2
718,ST011,U10F11,25.0,2
719,ST011,U10F12,36.0,2
720,ST011,U10F13,31.5,2
721,ST011,U10F14,25.5,2
722,ST011,U10F15,39.0,2
723,ST011,U10F16,26.0,2
724,ST011,U10F17,42.0,2
725,ST011,U10F18,26.5,2
726,ST011,U10F19,37.5,2
727,ST011,U10F20,18.0,2
728,ST011,U10F21,31.5,2
729,ST011,U11F0,19.5,2
730,ST011,U11F1,53.0,2
731,ST011,U11F10,27.5,2
732,ST011,U11F11,47.0,2
733,ST011,U11F12,31.0,2
734,ST011,U11F19,32.0,2
735,ST011,U11F2,27.0,2
736,ST011,U11F20,33.0,2
737,ST011,U11F32,46.0,2
738,ST011,U11F4,47.0,2
739,ST011,U11F5,57.5,2
740,ST011,U11F6,37.5,2
741,ST011,U11F7,24.0,2
742,ST011,U11F8,17.0,2
743,ST011,U11F9,40.0,2
744,ST011,U12F11,55.0,2
745,ST011,U12F12,58.5,2
746,ST011,U12F14,64.0,2
747,ST011,U12F16,45.0,2
748,ST011,U12F17,54.5,2
749,ST011,U12F18,62.5,2
750,ST011,U12F19,42.5,2
751,ST011,U12F20,42.5,2
752,ST011,U12F6,59.0,2
753,ST011,U12F7,34.5,2
754,ST011,U12F8,43.5,2
755,ST012,F1001,22.0,2
756,ST012,F1002,13.5,2
757,ST012,F1003,8.0,2
758,ST012,F1004,12.5,2
759,ST012,F1005,20.5,2
760,ST012,F1101,19.5,2
761,ST012,F1102,26.5,2
762,ST012,F1103,14.0,2
763,ST012,F1104,22.5,2
764,ST012,F1105,30.5,2
765,ST012,R087,12.5,2
766,ST012,R089,20.0,2
767,ST012,R092,34.5,2
768,ST012,R093,40.0,2
769,ST012,R094,54.5,2
770,ST012,R097,21.0,2
771,ST012,R098,75.0,2
772,ST012,R099,57.0,2
773,ST012,R103,19.0,2
774,ST012,R104,65.5,2
775,ST012,R106,26.0,2
776,ST012,R107,34.0,2
777,ST012,R109,49.5,2
778,ST012,U10F10,51.0,2
779,ST012,U10F11,45.5,2
780,ST012,U10F12,12.0,2
781,ST012,U10F13,21.5,2
782,ST012,U10F14,10.0,2
783,ST012,U10F15,15.5,2
784,ST012,U10F17,18.5,2
785,ST012,U10F18,17.0,2
786,ST012,U10F19,19.0,2
787,ST012,U10F20,24.0,2
788,ST012,U10F21,14.0,2
789,ST012,U10F8,32.0,2
790,ST012,U10F9,33.5,2
791,ST012,U11F1,43.0,2
792,ST012,U11F19,26.5,2
793,ST012,U11F2,32.5,2
794,ST012,U11F20,49.5,2
795,ST012,U11F32,35.5,2
796,ST012,U11F4,38.0,2
797,ST012,U11F5,26.5,2
798,ST012,U11F6,21.5,2
799,ST012,U12F11,29.5,2
800,ST012,U12F14,29.0,2
801,ST012,U12F16,34.5,2
802,ST012,U12F17,33.0,2
803,ST012,U12F18,33.5,2
804,ST012,U12F19,27.5,2
805,ST012,U12F20,31.0,2
806,ST013,F0901,19.5,2
807,ST013,F0902,31.5,2
808,ST013,F0903,23.0,2
809,ST013,F1001,19.0,2
810,ST013,F1002,25.0,2
811,ST013,F1003,12.5,2
812,ST013,F1004,9.5,2
813,ST013,F1005,32.0,2
814,ST013,F1103,18.0,2
815,ST013,F1104,4.5,2
816,ST013,F1105,15.5,2
817,ST013,R083,32.5,2
818,ST013,R086,40.5,2
819,ST013,R087,36.0,2
820,ST013,R088,31.5,2
821,ST013,R089,26.5,2
822,ST013,R092,53.0,2
823,ST013,R093,62.5,2
824,ST013,R094,58.5,2
825,ST013,R097,31.5,2
826,ST013,R098,24.5,2
827,ST013,R099,26.5,2
828,ST013,R103,27.0,2
829,ST013,R104,44.0,2
830,ST013,U10F10,45.5,2
831,ST013,U10F11,15.5,2
832,ST013,U10F12,23.5,2
833,ST013,U10F13,30.0,2
834,ST013,U10F14,24.0,2
835,ST013,U10F15,34.5,2
836,ST013,U10F16,10.0,2
837,ST013,U10F17,9.5,2
838,ST013,U10F18,15.0,2
839,ST013,U10F19,26.0,2
840,ST013,U10F20,22.0,2
841,ST013,U10F21,20.0,2
842,ST013,U10F8,33.0,2
843,ST013,U10F9,34.0,2
844,ST013,U11F0,41.0,2
845,ST013,U11F13,29.0,2
846,ST013,U11F14,11.0,2
847,ST013,U11F15,6.5,2
848,ST013,U11F16,11.0,2
849,ST013,U11F17,26.5,2
850,ST013,U11F18,16.0,2
851,ST013,U11F19,24.0,2
852,ST013,U11F2,37.5,2
853,ST013,U11F20,20.5,2
854,ST013,U11F32,25.0,2
855,ST013,U11F4,27.5,2
856,ST013,U11F5,15.0,2
857,ST013,U11F6,34.0,2
858,ST014,F0801,13.0,2
859,ST014,F0802,25.5,2
860,ST014,F0803,11.5,2
861,ST014,F0804,11.0,2
862,ST014,F0805,22.5,2
863,ST014,F0901,37.0,2
864,ST014,F0902,35.0,2
865,ST014,F0903,44.5,2
866,ST014,F0904,31.5,2
867,ST014,F0905,22.0,2
868,ST014,F1001,12.0,2
869,ST014,F1002,22.0,2
870,ST014,F1003,51.5,2
871,ST014,F1004,37.0,2
872,ST014,F1005,38.5,2
873,ST014,F1103,30.5,2
874,ST014,F1104,62.0,2
875,ST014,F1105,25.5,2
876,ST014,R078,19.5,2
877,ST014,R079,39.25,4
878,ST014,R080,38.75,4
879,ST014,R083,26.0,2
880,ST014,R097,29.5,2
881,ST014,R098,28.0,4
882,ST014,R099,11.0,2
883,ST014,R103,21.5,2
884,ST014,R104,32.5,2
885,ST014,U08F11,23.0,2
886,ST014,U08F12,10.0,2
887,ST014,U08F13,15.0,2
888,ST014,U08F14,12.0,2
889,ST014,U08F15,25.0,2
890,ST014,U08F16,13.5,2
891,ST014,U08F9,25.5,2
892,ST014,U10F11,27.5,2
893,ST014,U10F12,55.0,2
894,ST014,U10F13,63.0,2
895,ST014,U10F14,36.5,2
896,ST014,U10F8,49.5,2
897,ST014,U10F9,40.5,2
898,ST014,U11F1,26.5,2
899,ST014,U11F13,15.0,2
900,ST014,U11F14,31.0,2
901,ST014,U11F15,15.5,2
902,ST014,U11F16,31.0,2
903,ST014,U11F17,32.5,2
904,ST014,U11F18,38.0,2
905,ST014,U11F19,26.5,2
906,ST014,U11F2,20.5,2
907,ST014,U11F20,24.0,2
908,ST014,U11F32,24.5,2
909,ST014,U11F4,20.5,2
910,ST014,U11F5,28.5,2
911,ST014,U11F6,9.5,2
912,ST075,L0111,71.0,2
913,ST075,L0205,174.5,2
914,ST075,L0211,61.5,2
915,ST075,L1229,22.5,2
916,ST075,L1230,24.0,2
917,ST075,L1231,20.5,2
918,ST075,L1232,28.5,2
919,ST075,L1233,51.5,2
920,ST075,L1296,33.0,2
921,ST76,F0301,52.5,2
922,ST76,F0302,23.0,2
923,ST76,L0101,36.5,2
924,ST76,L0102,29.0,2
925,ST76,L0103,24.5,2
926,ST76,L0105,44.5,2
927,ST76,L0106,9.0,2
928,ST76,L0107,18.5,2
929,ST76,L0108,13.5,2
930,ST76,L0111,73.5,2
931,ST76,L0201,51.5,2
932,ST76,L0202,53.5,2
933,ST76,L0204,53.0,2
934,ST76,L0205,56.0,2
935,ST76,L1233,53.5,2
936,ST76,R020,22.0,2
937,ST76,R024,37.5,2
938,ST76,R027,38.0,2
939,ST76,R028,11.0,2
940,ST77,F0301,44.5,2
941,ST77,F0302,57.5,2
942,ST77,L0101,54.5,2
943,ST77,L0102,27.5,2
944,ST77,L0103,19.0,2
945,ST77,L0105,49.0,2
946,ST77,L0106,22.5,2
947,ST77,L0107,33.5,2
948,ST77,L0108,34.5,2
949,ST77,L0110,41.5,2
950,ST77,L0111,43.5,2
951,ST77,L0201,159.5,2
952,ST77,L0204,57.5,2
953,ST77,L0205,45.5,2
954,ST77,L0211,69.0,2
955,ST77,L1233,43.0,2
956,ST77,R020,28.5,2
957,ST77,R024,42.5,2
958,ST77,R027,22.5,2
959,ST77,R028,43.5,2
960,ST103,L0101,99.0,2
961,ST103,L0102,83.5,2
962,ST103,L0103,75.5,2
963,ST103,L0105,49.5,2
964,ST103,L0106,47.5,2
965,ST103,L0107,50.0,2
966,ST103,L0108,24.5,2
967,ST103,L0110,72.0,2
968,ST103,L0111,102.0,2
969,ST103,L0201,52.0,2
970,ST103,L0202,67.5,2
971,ST103,L0204,86.5,2
972,ST103,L0205,40.5,2
973,ST103,L0211,41.0,2
974,ST103,L0301,58.0,2
975,ST103,L0302,80.0,2
976,ST103,L0304,92.5,2
977,ST103,L0305,50.0,2
978,ST103,L0311,68.5,2
979,ST103,L0401,64.0,2
980,ST103,L0402,57.5,2
981,ST103,L0403,59.5,2
982,ST103,L0404,65.5,2
983,ST103,L0405,58.0,2
984,ST004,F0201,21.5,2
985,ST004,F0202,16.5,2
986,ST004,F0204,47.0,2
987,ST004,F0205,27.5,2
988,ST004,F0301,20.5,2
989,ST004,F0302,25.5,2
990,ST004,F0303,50.5,2
991,ST004,F0304,25.5,2
992,ST004,F0305,26.0,2
993,ST004,R009,17.0,2
994,ST004,R011,28.5,2
995,ST004,R014,16.5,2
996,ST004,R015,16.0,2
997,ST004,R016,26.0,2
998,ST004,R018,17.0,2
999,ST004,R020,19.0,2
1000,ST004,R021,26.5,2
1001,ST004,R024,62.0,2
1002,ST004,R025,23.5,2
1003,ST004,R026,20.0,2
1004,ST004,R028,18.5,2
1005,ST004,R029,77.0,2
1006,ST004,R030,17.0,2
1007,ST004,R109,45.5,2
1008,ST005,F0201,24.0,2
1009,ST005,F0202,21.0,2
1010,ST005,F0203,14.0,2
1011,ST005,F0204,21.0,2
1012,ST005,F0205,33.0,2
1013,ST005,F0301,36.5,2
1014,ST005,F0302,26.0,2
1015,ST005,F0303,33.0,2
1016,ST005,F0304,42.0,2
1017,ST005,F0305,55.0,2
1018,ST005,F0401,38.5,2
1019,ST005,F0402,36.0,2
1020,ST005,F0403,31.5,2
1021,ST005,F0404,29.5,2
1022,ST005,F0405,28.5,2
1023,ST005,R009,22.5,2
1024,ST005,R011,14.5,2
1025,ST005,R015,10.5,2
1026,ST005,R016,12.5,2
1027,ST005,R018,24.5,2
1028,ST005,R020,33.0,2
1029,ST005,R021,22.0,2
1030,ST005,R024,71.0,2
1031,ST005,R025,21.0,2
1032,ST005,R026,40.0,2
1033,ST005,R028,37.5,2
1034,ST005,R029,47.0,2
1035,ST005,R030,27.0,2
1036,ST005,R033,40.5,2
1037,ST005,R109,30.0,2
1038,ST006,F0201,18.0,2
1039,ST006,F0202,16.0,2
1040,ST006,F0203,18.0,2
1041,ST006,F0204,19.0,2
1042,ST006,F0205,20.0,2
1043,ST006,F0301,24.0,2
1044,ST006,F0302,35.5,2
1045,ST006,F0303,20.5,2
1046,ST006,F0304,34.5,2
1047,ST006,F0305,47.5,2
1048,ST006,F0401,49.0,2
1049,ST006,F0402,46.5,2
1050,ST006,F0403,57.0,2
1051,ST006,F0404,57.5,2
1052,ST006,F0405,48.0,2
1053,ST006,R020,17.5,2
1054,ST006,R021,28.0,2
1055,ST006,R024,53.0,2
1056,ST006,R026,35.5,2
1057,ST006,R027,52.0,2
1058,ST006,R028,59.0,2
1059,ST006,R029,37.5,2
1060,ST006,R030,54.0,2
1061,ST006,R033,64.0,2
1062,ST006,R035,31.5,2
1063,ST006,R036,49.0,2
1064,ST006,R037,77.5,2
1065,ST006,R038,73.5,2
1066,ST006,R109,26.5,2
1067,ST025,F0204,35.5,2
1068,ST025,F0205,35.5,2
1069,ST025,F0301,40.0,2
1070,ST025,F0302,47.5,2
1071,ST025,F0303,49.0,2
1072,ST025,F0304,56.0,2
1073,ST025,F0305,55.0,2
1074,ST025,F0401,63.0,2
1075,ST025,F0402,79.5,2
1076,ST025,F0403,70.5,2
1077,ST025,F0404,56.0,2
1078,ST025,F0405,61.0,2
1079,ST025,F0501,12.5,2
1080,ST025,F0502,19.5,2
1081,ST025,F0503,20.0,2
1082,ST025,F0504,22.0,2
1083,ST025,F0505,33.0,2
1084,ST025,F0601,26.0,2
1085,ST025,F0602,23.5,2
1086,ST025,F0603,37.0,2
1087,ST025,F0604,39.5,2
1088,ST025,F0605,30.0,2
1089,ST025,R024,40.5,2
1090,ST025,R026,79.5,2
1091,ST025,R027,102.0,2
1092,ST025,R028,109.5,2
1093,ST025,R029,88.0,2
1094,ST025,R030,83.5,2
1095,ST025,R033,32.5,2
1096,ST025,R037,53.5,2
1097,ST025,R038,100.5,2
1098,ST025,R039,21.5,2
1099,ST025,R040,21.5,2
1100,ST025,R045,64.0,2
1101,ST025,R046,26.5,2
1102,ST025,R048,35.5,2
1103,ST025,R052,63.5,2
1104,ST025,R059,31.0,2
1105,ST025,R109,50.0,2
1106,ST026,F0204,49.5,2
1107,ST026,F0205,54.0,2
1108,ST026,F0301,77.0,2
1109,ST026,F0302,40.5,2
1110,ST026,F0604,29.5,2
1111,ST026,F0605,29.5,2
1112,ST026,F0701,18.5,2
1113,ST026,F0702,34.0,2
1114,ST026,F0804,13.5,2
1115,ST026,F0805,26.5,2
1116,ST026,F0901,28.5,2
1117,ST026,F0902,22.5,2
1118,ST026,R024,126.5,2
1119,ST026,R059,111.5,2
1120,ST026,R064,98.5,2
1121,ST026,R077,48.5,2
1122,ST026,R078,105.5,2
1123,ST026,R083,81.5,2
1124,ST026,R109,167.0,1
1125,ST026,U0716,21.0,2
1126,ST026,U07F15,33.5,2
1127,ST026,U07F6,13.5,2
1128,ST026,U07F7,22.0,2
1129,ST026,U07F8,19.5,2
1130,ST026,U07F9,34.5,2
1131,ST027,F0203,12.0,2
1132,ST027,F0204,26.0,2
1133,ST027,F0205,35.5,2
1134,ST027,F0301,32.0,2
1135,ST027,F0302,38.5,2
1136,ST027,F0303,33.0,2
1137,ST027,F0804,48.0,2
1138,ST027,F0805,52.5,2
1139,ST027,R024,120.5,2
1140,ST027,R078,124.0,2
1141,ST027,R083,100.0,2
1142,ST027,R109,165.5,2
1143,ST028,F0204,70.0,2
1144,ST028,F0205,74.5,2
1145,ST028,F0603,68.0,2
1146,ST028,F0604,48.0,2
1147,ST028,F0803,10.5,2
1148,ST028,F0804,32.0,2
1149,ST028,F0805,14.0,2
1150,ST028,F0901,20.5,2
1151,ST028,F0902,19.5,2
1152,ST028,F0903,49.5,2
1153,ST028,R024,141.0,2
1154,ST028,R077,76.0,2
1155,ST028,R078,157.0,2
1156,ST028,R083,106.5,2
1157,ST028,R109,170.5,2
1158,ST015,F0801,17.5,2
1159,ST015,F0802,24.0,2
1160,ST015,F0803,32.0,2
1161,ST015,F0804,20.5,2
1162,ST015,F0805,25.0,2
1163,ST015,F0901,17.0,2
1164,ST015,F0902,21.0,2
1165,ST015,F0903,15.0,2
1166,ST015,F0904,18.5,2
1167,ST015,F0905,20.0,2
1168,ST015,F1003,29.0,2
1169,ST015,F1004,14.5,2
1170,ST015,F1005,5.0,2
1171,ST015,R073,35.5,2
1172,ST015,R074,33.5,2
1173,ST015,R075,35.5,2
1174,ST015,R078,52.5,2
1175,ST015,R079,57.5,2
1176,ST015,R080,25.0,2
1177,ST015,R083,41.5,2
1178,ST015,R084,22.5,2
1179,ST015,R085,25.5,2
1180,ST015,R086,13.0,2
1181,ST015,R088,18.0,2
1182,ST015,U08F11,15.0,2
1183,ST015,U08F12,34.0,2
1184,ST015,U08F13,17.5,2
1185,ST015,U08F14,19.5,2
1186,ST015,U08F15,18.5,2
1187,ST015,U08F16,9.0,2
1188,ST015,U08F4,20.5,2
1189,ST015,U08F9,26.5,2
1190,ST015,U10F1,20.0,2
1191,ST015,U10F10,39.0,2
1192,ST015,U10F11,39.5,2
1193,ST015,U10F12,17.5,2
1194,ST015,U10F13,47.5,2
1195,ST015,U10F14,24.5,2
1196,ST015,U10F2,5.0,2
1197,ST015,U10F3,9.0,2
1198,ST015,U10F4,9.5,2
1199,ST015,U10F5,17.0,2
1200,ST015,U10F6,22.5,2
1201,ST015,U10F7,14.5,2
1202,ST015,U10F8,23.5,2
1203,ST015,U10F9,19.5,2
1204,ST015,U11F0,16.0,2
1205,ST015,U11F1,24.5,2
1206,ST015,U11F13,18.5,2
1207,ST015,U11F14,17.0,2
1208,ST015,U11F15,18.0,2
1209,ST015,U11F16,16.5,2
1210,ST015,U11F17,11.5,2
1211,ST015,U11F18,9.5,2
1212,ST015,U11F19,12.0,2
1213,ST015,U11F32,11.0,2
1214,ST015,U11F5,16.5,2
1215,ST016,F0701,25.0,2
1216,ST016,F0702,15.0,2
1217,ST016,F0703,25.5,2
1218,ST016,F0801,28.0,2
1219,ST016,F0802,25.5,2
1220,ST016,F0803,49.0,2
1221,ST016,F0804,38.5,2
1222,ST016,F0805,22.0,2
1223,ST016,F0901,31.0,2
1224,ST016,F0902,39.5,2
1225,ST016,F0903,28.5,2
1226,ST016,F0904,22.5,2
1227,ST016,F0905,34.0,2
1228,ST016,F1003,20.0,2
1229,ST016,F1004,12.5,2
1230,ST016,F1005,13.0,2
1231,ST016,R068,30.0,2
1232,ST016,R070,32.5,2
1233,ST016,R073,48.5,2
1234,ST016,R074,33.0,2
1235,ST016,R075,15.0,2
1236,ST016,R078,44.5,2
1237,ST016,R079,34.0,2
1238,ST016,R080,41.0,2
1239,ST016,R083,31.5,2
1240,ST016,R084,23.5,2
1241,ST016,R085,24.0,2
1242,ST016,R086,45.5,2
1243,ST016,R088,37.5,2
1244,ST016,U08F11,19.0,2
1245,ST016,U08F12,29.5,2
1246,ST016,U08F13,25.0,2
1247,ST016,U08F14,18.5,2
1248,ST016,U08F15,36.0,2
1249,ST016,U08F16,28.0,2
1250,ST016,U08F4,17.5,2
1251,ST016,U08F9,23.5,2
1252,ST016,U10F1,22.0,2
1253,ST016,U10F10,17.5,2
1254,ST016,U10F11,17.5,2
1255,ST016,U10F12,25.5,2
1256,ST016,U10F13,18.0,2
1257,ST016,U10F14,20.5,2
1258,ST016,U10F2,17.5,2
1259,ST016,U10F3,38.5,2
1260,ST016,U10F4,15.5,2
1261,ST016,U10F5,23.5,2
1262,ST016,U10F6,27.5,2
1263,ST016,U10F7,13.5,2
1264,ST016,U10F8,16.5,2
1265,ST016,U10F9,24.5,2
1266,ST016,U11F13,17.0,2
1267,ST016,U11F15,16.0,2
1268,ST016,U11F17,12.0,2
1269,ST017,F0701,40.5,2
1270,ST017,F0702,31.0,2
1271,ST017,F0703,37.0,2
1272,ST017,F0704,28.0,2
1273,ST017,F0801,26.0,2
1274,ST017,F0802,42.5,2
1275,ST017,F0803,25.0,2
1276,ST017,F0804,24.5,2
1277,ST017,F0805,39.0,2
1278,ST017,F0901,33.0,2
1279,ST017,F0902,30.0,2
1280,ST017,F0903,38.0,2
1281,ST017,F0904,10.5,2
1282,ST017,F0905,19.5,2
1283,ST017,R064,34.5,2
1284,ST017,R067,18.0,2
1285,ST017,R068,17.5,2
1286,ST017,R069,17.5,2
1287,ST017,R070,22.5,2
1288,ST017,R073,64.5,2
1289,ST017,R074,49.0,2
1290,ST017,R075,54.5,2
1291,ST017,R077,69.5,2
1292,ST017,R078,38.5,2
1293,ST017,R079,38.5,2
1294,ST017,R080,26.0,2
1295,ST017,R083,48.0,2
1296,ST017,R086,32.5,2
1297,ST017,R088,23.0,2
1298,ST017,U07F15,27.0,2
1299,ST017,U07F8,20.5,2
1300,ST017,U07F9,27.0,2
1301,ST017,U08F11,17.0,2
1302,ST017,U08F12,11.0,2
1303,ST017,U08F13,21.5,2
1304,ST017,U08F14,28.5,2
1305,ST017,U08F15,12.5,2
1306,ST017,U08F4,52.0,2
1307,ST017,U08F6,60.5,2
1308,ST017,U08F8,26.5,2
1309,ST017,U08F9,18.5,2
1310,ST017,U10F1,25.5,2
1311,ST017,U10F10,21.5,2
1312,ST017,U10F11,10.0,2
1313,ST017,U10F12,10.5,2
1314,ST017,U10F13,30.0,2
1315,ST017,U10F14,29.5,2
1316,ST017,U10F2,23.5,2
1317,ST017,U10F3,18.0,2
1318,ST017,U10F4,30.5,2
1319,ST017,U10F5,23.0,2
1320,ST017,U10F6,24.0,2
1321,ST017,U10F7,20.5,2
1322,ST017,U10F8,14.5,2
1323,ST017,U10F9,19.5,2
1324,ST017,U7F16,22.5,2
1325,ST017,U8F10,15.0,2
1326,ST58,F0704,78.0,2
1327,ST58,F0705,63.0,2
1328,ST58,F0801,19.5,2
1329,ST58,F0802,99.5,2
1330,ST58,L0608,41.0,2
1331,ST58,L0610,48.5,2
1332,ST58,L0611,30.0,2
1333,ST58,R056,47.5,2
1334,ST58,R060,84.5,2
1335,ST58,R073,46.0,2
1336,ST043,L1044,18.0,2
1337,ST043,L1046,35.5,2
1338,ST043,L1120,54.5,2
1339,ST043,L1121,39.0,2
1340,ST043,L1122,26.0,2
1341,ST043,L1123,28.5,2
1342,ST043,L1124,23.0,2
1343,ST043,L1128,27.0,2
1344,ST043,L1135,33.0,2
1345,ST043,L1140,18.5,2
1346,ST043,L1204,159.0,2
1347,ST043,L1205,164.0,2
1348,ST043,L1219,27.0,2
1349,ST043,L1220,25.5,2
1350,ST070,L1132,29.0,2
1351,ST070,L1133,62.0,2
1352,ST070,L1135,30.0,2
1353,ST070,L1201,57.0,2
1354,ST070,L1202,70.5,2
1355,ST070,L1205,78.5,2
1356,ST070,L1219,14.5,2
1357,ST070,L1224,22.0,2
1358,ST070,L1225,29.0,2
1359,ST070,L1234,18.0,2
1360,ST070,L1235,31.0,2
1361,ST070,L1297,21.5,2
1362,ST52,L1111,30.0,2
1363,ST52,L1122,62.0,2
1364,ST52,L1123,26.5,2
1365,ST52,L1133,74.0,2
1366,ST52,L1135,36.0,2
1367,ST52,L1201,39.5,2
1368,ST52,L1202,48.0,2
1369,ST52,L1205,53.0,2
1370,ST52,L1206,24.0,2
1371,ST52,L1207,37.0,2
1372,ST52,L1208,33.0,2
1373,ST52,L1210,58.0,2
1374,ST52,L1212,25.0,2
1375,ST52,L1218,51.0,2
1376,ST52,L1219,34.5,2
1377,ST52,L1220,67.0,2
1378,ST52,L1221,45.5,2
1379,ST53,L1044,68.5,2
1380,ST53,L1111,28.0,2
1381,ST53,L1121,42.0,2
1382,ST53,L1122,41.5,2
1383,ST53,L1123,42.5,2
1384,ST53,L1135,30.5,2
1385,ST53,L1140,61.0,2
1386,ST53,L1201,27.0,2
1387,ST53,L1202,42.0,2
1388,ST53,L1204,118.5,2
1389,ST53,L1205,63.0,2
1390,ST53,L1213,18.0,2
1391,ST53,L1214,11.5,2
1392,ST53,L1215,16.5,2
1393,ST53,L1219,44.0,2
1394,ST53,L1220,26.5,2
1395,ST53,L1221,22.0,2
1396,ST73,F0101,80.0,2
1397,ST73,F0102,68.0,2
1398,ST73,L1135,37.5,2
1399,ST73,L1201,27.0,2
1400,ST73,L1202,49.0,2
1401,ST73,L1204,49.0,2
1402,ST73,L1205,74.0,2
1403,ST73,L1219,46.5,2
1404,ST73,R001,33.5,2
1405,ST73,R004,40.5,2
1406,ST018,F0601,31.5,2
1407,ST018,F0602,24.5,2
1408,ST018,F0603,15.5,2
1409,ST018,F0604,14.0,2
1410,ST018,F0605,6.0,2
1411,ST018,F0701,9.5,2
1412,ST018,F0702,9.0,2
1413,ST018,F0703,49.0,2
1414,ST018,F0704,34.5,2
1415,ST018,F0705,29.5,2
1416,ST018,F0801,32.0,2
1417,ST018,F0802,51.0,2
1418,ST018,F0803,23.5,2
1419,ST018,F0804,18.0,2
1420,ST018,F0805,10.0,2
1421,ST018,F0901,11.0,2
1422,ST018,F0902,13.0,2
1423,ST018,F0903,19.5,2
1424,ST018,F0904,17.0,2
1425,ST018,F0905,23.0,2
1426,ST018,R056,13.0,2
1427,ST018,R057,15.5,2
1428,ST018,R059,22.0,2
1429,ST018,R060,24.5,2
1430,ST018,R061,34.5,2
1431,ST018,R064,9.0,2
1432,ST018,R067,89.5,2
1433,ST018,R068,73.5,2
1434,ST018,R069,72.0,2
1435,ST018,R070,53.0,2
1436,ST018,R074,13.0,2
1437,ST018,R075,18.5,2
1438,ST018,R078,26.5,2
1439,ST018,R079,9.0,2
1440,ST018,R080,13.5,2
1441,ST018,R083,23.5,2
1442,ST018,R084,23.0,2
1443,ST018,R085,28.5,2
1444,ST018,U07F15,8.5,2
1445,ST018,U07F7,19.0,2
1446,ST018,U07F8,9.0,2
1447,ST018,U07F9,19.5,2
1448,ST018,U08F11,77.5,2
1449,ST018,U08F12,61.5,2
1450,ST018,U08F13,63.5,2
1451,ST018,U08F14,37.5,2
1452,ST018,U08F17,56.0,2
1453,ST018,U08F2,55.5,2
1454,ST018,U08F3,45.5,2
1455,ST018,U08F4,55.5,2
1456,ST018,U08F6,37.0,2
1457,ST018,U08F8,75.0,2
1458,ST018,U08F9,34.5,2
1459,ST018,U7F16,9.0,2
1460,ST018,U8F10,60.5,2
1461,ST019,F0601,20.0,2
1462,ST019,F0602,16.5,2
1463,ST019,F0603,20.5,2
1464,ST019,F0604,23.5,2
1465,ST019,F0605,29.0,2
1466,ST019,F0701,19.5,2
1467,ST019,F0702,22.5,2
1468,ST019,F0703,8.5,2
1469,ST019,F0704,14.0,2
1470,ST019,F0705,23.5,2
1471,ST019,F0803,32.5,2
1472,ST019,F0804,14.5,2
1473,ST019,F0805,18.0,2
1474,ST019,R047,12.0,2
1475,ST019,R049,22.0,2
1476,ST019,R052,16.5,2
1477,ST019,R054,19.5,2
1478,ST019,R056,25.5,2
1479,ST019,R057,29.5,2
1480,ST019,R059,42.5,2
1481,ST019,R060,45.0,2
1482,ST019,R061,79.5,2
1483,ST019,R064,28.0,2
1484,ST019,R066,16.0,2
1485,ST019,R067,33.5,2
1486,ST019,R069,25.5,2
1487,ST019,R070,26.0,2
1488,ST019,R078,12.5,2
1489,ST019,U07F15,25.0,2
1490,ST019,U07F8,51.0,2
1491,ST019,U07F9,41.0,2
1492,ST019,U08F1,13.5,2
1493,ST019,U08F11,28.5,2
1494,ST019,U08F12,36.5,2
1495,ST019,U08F2,18.0,2
1496,ST019,U08F3,22.5,2
1497,ST019,U08F4,17.5,2
1498,ST019,U08F6,11.5,2
1499,ST019,U08F7,31.0,2
1500,ST019,U08F8,11.5,2
1501,ST019,U08F9,23.0,2
1502,ST020,F0501,41.5,2
1503,ST020,F0502,29.5,2
1504,ST020,F0503,28.0,2
1505,ST020,F0504,19.5,2
1506,ST020,F0505,28.5,2
1507,ST020,F0601,55.0,2
1508,ST020,F0602,42.5,2
1509,ST020,F0603,44.5,2
1510,ST020,F0604,28.5,2
1511,ST020,F0605,37.5,2
1512,ST020,F0701,48.0,2
1513,ST020,F0702,33.0,2
1514,ST020,F0703,53.5,2
1515,ST020,F0704,31.5,2
1516,ST020,F0705,25.5,2
1517,ST020,F0803,29.5,2
1518,ST020,F0804,30.5,2
1519,ST020,F0805,26.0,2
1520,ST020,R042,23.0,2
1521,ST020,R045,27.0,2
1522,ST020,R047,44.5,2
1523,ST020,R049,36.0,2
1524,ST020,R052,32.5,2
1525,ST020,R056,32.5,2
1526,ST020,R057,26.0,2
1527,ST020,R059,43.0,2
1528,ST020,R060,27.0,2
1529,ST020,R061,11.0,2
1530,ST020,R064,43.0,2
1531,ST020,R066,23.0,2
1532,ST020,R067,34.5,2
1533,ST020,R069,43.5,2
1534,ST020,R078,21.5,2
1535,ST020,U0716,13.0,2
1536,ST020,U07F15,38.0,2
1537,ST020,U07F6,10.5,2
1538,ST020,U07F7,29.5,2
1539,ST020,U07F8,23.0,2
1540,ST020,U07F9,21.5,2
1541,ST020,U08F1,36.0,2
1542,ST020,U08F12,25.0,2
1543,ST020,U08F2,37.0,2
1544,ST020,U08F3,40.0,2
1545,ST020,U08F4,40.5,2
1546,ST020,U08F6,17.5,2
1547,ST020,U08F7,34.0,2
1548,ST020,U08F8,30.5,2
1549,ST021,F0501,26.0,2
1550,ST021,F0502,37.0,2
1551,ST021,F0503,29.5,2
1552,ST021,F0504,41.0,2
1553,ST021,F0505,41.5,2
1554,ST021,F0601,12.5,2
1555,ST021,F0602,16.0,2
1556,ST021,F0603,8.0,2
1557,ST021,F0604,39.0,2
1558,ST021,F0605,39.0,2
1559,ST021,F0701,30.5,2
1560,ST021,F0702,35.5,2
1561,ST021,F0703,23.5,2
1562,ST021,F0704,26.0,2
1563,ST021,F0705,17.5,2
1564,ST021,R042,36.5,2
1565,ST021,R045,22.0,2
1566,ST021,R046,28.5,2
1567,ST021,R047,36.0,2
1568,ST021,R048,29.0,2
1569,ST021,R049,30.5,2
1570,ST021,R052,47.5,2
1571,ST021,R054,51.0,2
1572,ST021,R056,31.0,2
1573,ST021,R057,19.0,2
1574,ST021,R059,45.5,2
1575,ST021,R060,26.5,2
1576,ST021,R061,31.0,2
1577,ST021,R064,38.0,2
1578,ST021,R067,27.5,2
1579,ST021,R069,25.5,2
1580,ST021,U07F6,31.5,2
1581,ST021,U07F7,34.0,2
1582,ST021,U07F8,52.0,2
1583,ST021,U07F9,52.5,2
1584,ST021,U08F1,13.5,2
1585,ST021,U08F12,26.5,2
1586,ST021,U08F2,15.0,2
1587,ST021,U08F3,17.5,2
1588,ST021,U08F4,13.0,2
1589,ST021,U08F6,18.0,2
1590,ST021,U08F7,29.5,2
1591,ST021,U08F8,16.0,2
1592,ST022,F0401,35.0,2
1593,ST022,F0402,35.0,2
1594,ST022,F0403,19.0,2
1595,ST022,F0501,39.0,2
1596,ST022,F0502,19.5,2
1597,ST022,F0503,21.5,2
1598,ST022,F0504,27.0,2
1599,ST022,F0505,28.5,2
1600,ST022,F0601,38.5,2
1601,ST022,F0602,43.5,2
1602,ST022,F0603,25.5,2
1603,ST022,F0604,27.0,2
1604,ST022,F0605,40.0,2
1605,ST022,F0701,34.0,2
1606,ST022,F0702,20.5,2
1607,ST022,F0703,27.0,2
1608,ST022,F0704,29.0,2
1609,ST022,F0705,23.5,2
1610,ST022,R035,31.0,2
1611,ST022,R036,34.5,2
1612,ST022,R039,30.5,2
1613,ST022,R040,41.0,2
1614,ST022,R042,24.5,2
1615,ST022,R045,27.0,2
1616,ST022,R046,73.5,2
1617,ST022,R047,47.5,2
1618,ST022,R048,59.0,2
1619,ST022,R049,34.5,2
1620,ST022,R052,23.0,2
1621,ST022,R058,35.0,2
1622,ST022,R059,32.0,2
1623,ST022,R066,27.0,2
1624,ST022,U07F15,14.5,2
1625,ST022,U07F6,21.0,2
1626,ST022,U07F7,42.5,2
1627,ST022,U07F8,21.0,2
1628,ST022,U07F9,12.5,2
1629,ST022,U08F1,27.0,2
1630,ST022,U08F2,29.5,2
1631,ST022,U08F3,19.0,2
1632,ST022,U08F4,34.0,2
1633,ST022,U08F6,41.0,2
1634,ST022,U08F7,14.0,2
1635,ST022,U08F8,22.5,2
1636,ST023,F0401,31.0,2
1637,ST023,F0402,31.0,2
1638,ST023,F0403,39.0,2
1639,ST023,F0404,33.0,2
1640,ST023,F0405,44.0,2
1641,ST023,F0501,53.0,2
1642,ST023,F0502,35.5,2
1643,ST023,F0503,43.5,2
1644,ST023,F0504,40.5,2
1645,ST023,F0505,13.5,2
1646,ST023,F0601,39.0,2
1647,ST023,F0602,35.5,2
1648,ST023,F0603,32.5,2
1649,ST023,F0604,37.5,2
1650,ST023,F0605,28.5,2
1651,ST023,R026,35.0,2
1652,ST023,R028,40.0,2
1653,ST023,R030,38.5,2
1654,ST023,R033,32.5,2
1655,ST023,R035,30.5,2
1656,ST023,R036,47.0,2
1657,ST023,R039,62.5,2
1658,ST023,R040,66.0,2
1659,ST023,R042,19.5,2
1660,ST023,R045,24.0,2
1661,ST023,R046,27.0,2
1662,ST023,R047,27.0,2
1663,ST023,R048,33.5,2
1664,ST023,R049,24.5,2
1665,ST023,R052,23.0,2
1666,ST023,R059,43.0,2
1667,ST023,U07F6,28.0,2
1668,ST023,U07F7,27.0,2
1669,ST023,U07F8,56.0,1
1670,ST023,U07F9,52.5,2
1671,ST029,F0604,15.0,2
1672,ST029,F0605,29.0,2
1673,ST029,F0701,24.0,2
1674,ST029,F0702,26.5,2
1675,ST029,F0703,18.5,2
1676,ST029,F0901,45.5,2
1677,ST029,F0902,54.5,2
1678,ST029,F0903,43.5,2
1679,ST029,R059,163.5,2
1680,ST029,R064,137.0,2
1681,ST029,R085,151.0,2
1682,ST029,U0716,31.5,2
1683,ST029,U07F15,19.0,2
1684,ST029,U07F6,28.0,2
1685,ST029,U07F7,27.5,2
1686,ST029,U07F8,27.0,2
1687,ST029,U07F9,23.0,2
1688,ST74,F0101,15.5,2
1689,ST74,F0102,27.5,2
1690,ST74,L1111,33.5,2
1691,ST74,L1123,35.5,2
1692,ST74,L1140,18.5,2
1693,ST74,L1201,33.0,2
1694,ST74,L1202,17.0,2
1695,ST74,L1204,66.0,1
1696,ST74,L1219,47.0,2
1697,ST74,L1220,20.5,2
1698,ST74,L1221,22.0,2
1699,ST74,R001,26.5,2
1700,ST74,R004,16.0,2
1701,ST74,R008,42.5,2
1702,ST74,R1114,46.5,2
1703,ST039,L1026,25.0,2
1704,ST039,L1044,12.5,2
1705,ST039,L1045,10.5,2
1706,ST039,L1046,28.5,2
1707,ST039,L1108,19.0,2
1708,ST039,L1109,21.5,2
1709,ST039,L1110,15.5,2
1710,ST039,L1111A,11.0,2
1711,ST039,L1113A,41.0,2
1712,ST039,L1114,25.0,2
1713,ST039,L1115,46.0,2
1714,ST007,F0301,21.0,2
1715,ST007,F0302,33.5,2
1716,ST007,F0303,39.5,2
1717,ST007,F0304,27.5,2
1718,ST007,F0305,44.5,2
1719,ST007,F0402,75.5,2
1720,ST007,F0403,60.5,2
1721,ST007,F0404,57.5,2
1722,ST007,F0405,48.0,2
1723,ST007,F0501,54.5,2
1724,ST007,F0502,19.5,2
1725,ST007,F0503,65.5,2
1726,ST007,F0504,53.0,2
1727,ST007,F0505,64.5,2
1728,ST007,R024,44.5,2
1729,ST007,R026,38.0,2
1730,ST007,R027,74.0,2
1731,ST007,R028,99.5,2
1732,ST007,R029,50.0,2
1733,ST007,R030,49.5,2
1734,ST007,R033,84.0,2
1735,ST007,R035,64.5,2
1736,ST007,R036,65.0,2
1737,ST007,R038,93.0,2
1738,ST007,R039,78.5,2
1739,ST007,R040,74.0,2
1740,ST007,R045,99.5,2
1741,ST007,R046,111.0,2
1742,ST007,R048,98.0,2
1743,ST007,R052,101.0,2
1744,ST024,F0301,21.5,2
1745,ST024,F0302,26.5,2
1746,ST024,F0303,24.0,2
1747,ST024,F0305,36.0,2
1748,ST024,F0401,35.5,2
1749,ST024,F0402,46.5,2
1750,ST024,F0403,40.0,2
1751,ST024,F0404,42.0,2
1752,ST024,F0405,42.0,2
1753,ST024,F0501,39.0,2
1754,ST024,F0502,30.0,2
1755,ST024,F0503,34.0,2
1756,ST024,F0504,28.0,2
1757,ST024,F0505,14.5,2
1758,ST024,F0601,16.5,2
1759,ST024,F0602,11.5,2
1760,ST024,F0603,16.5,2
1761,ST024,F0604,30.5,2
1762,ST024,F0605,15.0,2
1763,ST024,R024,21.0,2
1764,ST024,R026,47.5,2
1765,ST024,R028,54.5,2
1766,ST024,R030,46.5,2
1767,ST024,R033,28.0,2
1768,ST024,R035,53.5,2
1769,ST024,R036,52.0,2
1770,ST024,R038,39.5,2
1771,ST024,R039,21.0,2
1772,ST024,R040,25.5,2
1773,ST024,R045,13.0,2
1774,ST024,R046,20.0,2
1775,ST024,R048,16.5,2
1776,ST024,R052,18.0,2
1777,ST78,F0201,61.0,2
1778,ST78,F0202,62.5,2
1779,ST78,F0203,9.5,2
1780,ST78,F0204,47.0,2
1781,ST78,F0205,53.5,2
1782,ST78,F0301,28.5,2
1783,ST78,F0302,30.0,2
1784,ST78,F0303,38.0,2
1785,ST78,L0110,27.5,2
1786,ST78,L0111,32.0,2
1787,ST78,L1233,56.5,2
1788,ST78,R004,64.5,2
1789,ST78,R008,66.0,2
1790,ST78,R009,59.0,2
1791,ST78,R015,20.0,2
1792,ST78,R020,36.5,2
1793,ST78,R024,32.0,2
1794,ST78,R027,39.0,2
1795,ST78,R028,44.5,2
1796,ST78,R029,26.0,2
1797,ST79,F0401,33.5,2
1798,ST79,F0402,20.5,2
1799,ST79,L0207,17.0,2
1800,ST79,L0209,35.0,2
1801,ST79,L0210,36.0,2
1802,ST79,L0301,75.0,2
1803,ST79,L0302,75.0,2
1804,ST79,L0304,80.5,2
1805,ST79,L0305,51.0,2
1806,ST79,L0311,23.0,2
1807,ST79,R028,52.5,2
1808,ST79,R033,45.5,2
1809,ST79,R035,27.5,2
1810,ST79,R039,36.5,2
1811,ST80,F0304,46.0,2
1812,ST80,F0305,29.5,2
1813,ST80,F0401,21.5,2
1814,ST80,F0402,14.5,2
1815,ST80,L0206,14.5,2
1816,ST80,L0207,8.5,2
1817,ST80,L0208,36.5,2
1818,ST80,L0209,24.5,2
1819,ST80,L0210,26.5,2
1820,ST80,L0301,57.5,2
1821,ST80,L0302,63.5,2
1822,ST80,L0311,43.0,2
1823,ST80,R020,53.0,2
1824,ST80,R027,57.5,2
1825,ST80,R028,47.0,2
1826,ST80,R033,38.5,2
1827,ST80,R035,10.5,2
1828,ST80,R039,28.0,2
1829,ST80,R046,25.0,2
1830,ST81,F0401,18.0,2
1831,ST81,F0402,29.5,2
1832,ST81,L0206,21.5,2
1833,ST81,L0207,22.0,2
1834,ST81,L0208,32.0,2
1835,ST81,L0209,33.5,2
1836,ST81,L0210,31.0,2
1837,ST81,L0304,29.0,2
1838,ST81,L0305,24.5,2
1839,ST81,L0311,26.5,2
1840,ST81,R028,56.5,2
1841,ST81,R033,40.5,2
1842,ST81,R035,20.0,2
1843,ST81,R039,18.0,2
1844,ST81,R046,30.5,2
1845,ST62,F0803,53.5,2
1846,ST62,F0804,68.5,2
1847,ST62,F0901,45.5,2
1848,ST62,F0902,36.5,2
1849,ST62,F0903,75.0,2
1850,ST62,L0742,54.5,2
1851,ST62,R067,25.0,2
1852,ST62,R068,29.0,2
1853,ST62,R074,23.0,2
1854,ST62,R078,100.5,2
1855,ST62,R079,32.0,2
1856,ST62,R083,76.5,2
1857,ST62,R086,38.5,2
1858,ST052,L0821,48.0,2
1859,ST052,L0823,69.0,2
1860,ST052,L0824,98.0,2
1861,ST052,L0825,62.5,2
1862,ST052,L0901,89.5,2
1863,ST052,L0902,146.0,2
1864,ST052,L0904,110.5,2
1865,ST052,L0905,52.75,4
1866,ST67,F0901,30.5,2
1867,ST67,F0902,26.0,2
1868,ST67,F0903,30.5,2
1869,ST67,F0904,38.0,2
1870,ST67,F0905,34.5,2
1871,ST67,F1001,39.0,2
1872,ST67,F1002,22.5,2
1873,ST67,F1003,38.5,2
1874,ST67,L0823,37.5,2
1875,ST67,L0824,46.5,2
1876,ST67,R074,19.0,2
1877,ST67,R079,40.5,2
1878,ST67,R085,69.5,2
1879,ST67,R092,40.0,2
1880,ST67,R098,21.0,2
1881,ST68,F0904,70.5,2
1882,ST68,F0905,49.0,2
1883,ST68,F1001,64.0,2
1884,ST68,F1002,20.5,2
1885,ST68,L0823,43.0,2
1886,ST68,L0824,76.0,2
1887,ST68,L0834,66.0,2
1888,ST68,L0901,56.0,2
1889,ST68,L0902,93.0,2
1890,ST68,L0906,25.5,2
1891,ST68,L1063,60.5,2
1892,ST68,R079,37.5,2
1893,ST68,R092,27.5,2
1894,ST68,R098,21.0,2
1895,ST68,R103,24.0,2
1896,ST69,F1001,41.5,2
1897,ST69,F1002,46.5,2
1898,ST69,L0823,68.0,2
1899,ST69,L0824,97.0,2
1900,ST69,L0826,87.5,2
1901,ST69,L0835,60.0,2
1902,ST69,L0901,70.5,2
1903,ST69,L0902,90.0,2
1904,ST69,L0904,103.5,2
1905,ST69,L0905,80.0,2
1906,ST69,L0906,64.5,2
1907,ST69,L0907,88.0,2
1908,ST69,L1063,60.0,2
1909,ST69,R092,50.0,2
1910,ST69,R098,47.0,2
1911,ST69,R103,49.0,2
1912,ST91,L0729,42.0,2
1913,ST91,L0742,35.0,2
1914,ST91,L0801,32.0,2
1915,ST91,L0802,29.5,2
1916,ST91,L0809,28.5,2
1917,ST91,L0810,21.5,2
1918,ST91,L0815,20.0,2
1919,ST91,L0816,37.0,2
1920,ST91,L0817,25.5,2
1921,ST91,L0818,40.0,2
1922,ST91,L0819,42.0,2
1923,ST50,L1123,21.5,2
1924,ST50,L1135,32.5,2
1925,ST50,L1206,116.5,2
1926,ST50,L1207,128.5,2
1927,ST50,L1208,136.0,2
1928,ST50,L1210,34.5,2
1929,ST50,L1213,19.5,2
1930,ST50,L1214,26.0,2
1931,ST50,L1215,17.0,2
1932,ST50,L1216,14.0,2
1933,ST50,L1217,76.5,2
1934,ST50,L1218,43.0,2
1935,ST50,L1220,21.5,2
1936,ST51,L1121,31.0,2
1937,ST51,L1122,44.0,2
1938,ST51,L1123,36.5,2
1939,ST51,L1206,33.0,2
1940,ST51,L1207,34.0,2
1941,ST51,L1208,57.5,2
1942,ST51,L1212,37.5,2
1943,ST51,L1214,37.0,2
1944,ST51,L1215,22.5,2
1945,ST51,L1216,35.0,2
1946,ST51,L1217,30.5,2
1947,ST51,L1218,26.0,2
1948,ST058,L0823,29.5,2
1949,ST058,L0825,79.0,2
1950,ST058,L0826,45.0,2
1951,ST058,L0827,53.5,2
1952,ST058,L0830,25.0,2
1953,ST058,L0831,46.5,2
1954,ST058,L0834,60.0,2
1955,ST058,L0835,45.0,2
1956,ST058,L0839,34.5,2
1957,ST058,L0901,78.0,2
1958,ST058,L0902,109.5,2
1959,ST058,L0907,59.5,2
1960,ST066,L1035,58.0,2
1961,ST066,L1037,7.5,2
1962,ST066,L1039,19.5,2
1963,ST066,L1040,31.0,2
1964,ST066,L1041,56.0,2
1965,ST066,L1042,34.5,2
1966,ST066,L1044,112.5,2
1967,ST066,L1129,27.5,2
1968,ST066,L1130,37.5,2
1969,ST067,L1040,18.0,2
1970,ST067,L1041,14.5,2
1971,ST067,L1042,22.0,2
1972,ST067,L1044,50.0,2
1973,ST067,L1121,41.0,2
1974,ST067,L1122,43.5,2
1975,ST067,L1123,26.0,2
1976,ST067,L1124,53.0,2
1977,ST067,L1128,42.0,2
1978,ST067,L1129,21.0,2
1979,ST067,L1130,56.5,2
1980,ST067,L1131,28.0,2
1981,ST067,L1136,17.5,2
1982,ST067,L1140,32.5,2
1983,ST65,F1005,30.0,2
1984,ST65,F1101,40.0,2
1985,ST65,F1102,38.0,2
1986,ST65,L0826,39.5,2
1987,ST65,L0833,45.5,2
1988,ST65,L0835,60.5,2
1989,ST65,L0838,57.5,2
1990,ST65,L0907,34.0,2
1991,ST65,L1001,59.0,2
1992,ST65,L1063,14.5,2
1993,ST65,R086,13.5,2
1994,ST65,R087,8.5,2
1995,ST65,R093,32.5,2
1996,ST65,R101,32.5,2
1997,ST65,R103,17.5,2
1998,ST65,R108,20.0,2
1999,ST102,L0209,117.5,2
2000,ST102,L0210,109.5,2
2001,ST102,L0211,84.5,2
2002,ST102,L0301,36.0,2
2003,ST102,L0302,43.5,2
2004,ST102,L0304,96.5,2
2005,ST102,L0305,76.5,2
2006,ST102,L0401,75.0,2
2007,ST102,L0402,64.5,2
2008,ST102,L0403,65.5,2
2009,ST102,L0404,69.0,2
2010,ST102,L0405,60.5,2
2011,ST102,L0412,44.5,2
2012,ST071,L0111,48.0,2
2013,ST071,L1132,28.5,2
2014,ST071,L1133,29.5,2
2015,ST071,L1224,33.5,2
2016,ST071,L1229,27.5,2
2017,ST071,L1230,20.0,2
2018,ST071,L1231,23.0,2
2019,ST071,L1232,27.5,2
2020,ST071,L1233,33.5,2
2021,ST071,L1234,25.0,2
2022,ST071,L1235,24.5,2
2023,ST071,L1296,29.5,2
2024,ST071,L1298,44.0,2
2025,ST072,L0111,49.5,2
2026,ST072,L1227,9.5,2
2027,ST072,L1229,30.0,2
2028,ST072,L1230,34.5,2
2029,ST072,L1231,19.0,2
2030,ST072,L1232,27.0,2
2031,ST072,L1233,33.0,2
2032,ST072,L1234,24.5,2
2033,ST072,L1296,22.0,2
2034,ST072,L1298,16.5,2
2035,ST82,F0401,12.5,2
2036,ST82,F0402,35.0,2
2037,ST82,L0111,31.5,2
2038,ST82,L0211,26.5,2
2039,ST82,L0301,20.5,2
2040,ST82,L0302,44.5,2
2041,ST82,R033,39.5,2
2042,ST82,R039,48.0,2
2043,ST82,R046,28.5,2
2044,ST053,L0738,18.5,2
2045,ST053,L0740,35.5,2
2046,ST053,L0822,71.5,2
2047,ST053,L0827,36.5,2
2048,ST053,L0828,49.5,2
2049,ST053,L0829,32.5,2
2050,ST053,L0834,39.5,2
2051,ST049,L0734,24.5,2
2052,ST049,L0738,16.0,2
2053,ST049,L0739,34.5,2
2054,ST049,L0740,9.0,2
2055,ST049,L0741,20.5,2
2056,ST077,L0737,21.0,2
2057,ST077,L0739,11.5,2
2058,ST077,L0741,27.0,2
2059,ST077,L0798,38.0,2
2060,ST077,L0799,32.0,2
2061,ST061,L1027,33.5,2
2062,ST061,L1034,33.5,2
2063,ST061,L1035,20.0,2
2064,ST061,L1037,31.5,2
2065,ST061,L1038,37.5,2
2066,ST061,L1039,17.0,2
2067,ST061,L1040,34.0,2
2068,ST061,L1041,94.5,2
2069,ST061,L1042,34.5,2
2070,ST061,L1050,19.5,2
2071,ST061,L1051,14.5,2
2072,ST061,L1060,28.5,2
2073,ST061,L1136,22.0,2
2074,ST062,L1024,70.5,2
2075,ST062,L1025,51.0,2
2076,ST062,L1027,19.0,2
2077,ST062,L1028,33.5,2
2078,ST062,L1029,16.5,2
2079,ST062,L1032,46.5,2
2080,ST062,L1061,27.5,2
2081,ST062,L1062,20.5,2
2082,ST72,F1104,59.5,2
2083,ST72,F1201,83.0,2
2084,ST72,F1202,82.0,2
2085,ST72,L1101,78.0,2
2086,ST72,R001,34.0,2
2087,ST72,R098,46.0,2
2088,ST72,R113,37.5,2
2089,ST83,F0501,41.0,2
2090,ST83,F0502,31.0,2
2091,ST83,L0311,66.0,2
2092,ST83,L0401,58.5,2
2093,ST83,L0402,70.0,2
2094,ST83,L0403,53.5,2
2095,ST83,L0404,48.0,2
2096,ST83,L0405,33.5,2
2097,ST83,L0412,41.5,2
2098,ST83,R046,52.5,2
2099,ST83,R047,28.0,2
2100,ST84,F0404,44.0,2
2101,ST84,F0405,48.0,2
2102,ST84,F0501,12.5,2
2103,ST84,F0502,35.0,2
2104,ST84,L0401,66.5,2
2105,ST84,L0402,82.5,2
2106,ST84,L0412,43.5,2
2107,ST84,R039,47.5,2
2108,ST84,R046,42.5,2
2109,ST86,F0501,31.0,2
2110,ST86,F0502,21.5,2
2111,ST86,F0704,49.5,2
2112,ST86,F0705,46.5,2
2113,ST86,L0404,37.0,2
2114,ST86,L0405,52.5,2
2115,ST86,L0412,28.5,2
2116,ST86,R039,33.5,2
2117,ST86,R046,36.0,2
2118,ST86,R047,33.5,2
2119,ST86,R048,30.5,2
2120,ST86,Species F1,18.0,2
2121,ST86,Species F3,42.0,2
2122,ST031,L0606,19.0,2
2123,ST031,L0608,28.0,2
2124,ST031,L0609,31.5,2
2125,ST031,L0610,19.0,2
2126,ST031,L0611,20.5,2
2127,ST031,L0701,35.0,2
2128,ST031,L0709,11.0,2
2129,ST031,L0710,11.5,2
2130,ST031,L0711,16.5,2
2131,ST031,L0712,35.5,2
2132,ST031,L0713,39.0,2
2133,ST031,L0714,46.0,2
2134,ST031,L0715,25.0,2
2135,ST031,L0716,27.5,2
2136,ST031,L0717,24.0,2
2137,ST031,L0718,37.5,2
2138,ST031,L0719,55.5,2
2139,ST031,L0720,21.5,2
2140,ST031,L0721,19.5,2
2141,ST031,L0722,21.0,2
2142,ST031,L0799,69.0,2
2143,ST032,L0606,35.5,2
2144,ST032,L0608,35.5,2
2145,ST032,L0609,18.5,2
2146,ST032,L0610,39.0,2
2147,ST032,L0611,22.5,2
2148,ST032,L0701,41.5,2
2149,ST032,L0709,12.0,2
2150,ST032,L0710,31.0,2
2151,ST032,L0712,46.0,2
2152,ST032,L0715,29.5,2
2153,ST032,L0716,18.0,2
2154,ST032,L0717,8.0,2
2155,ST032,L0718,44.5,2
2156,ST032,L0719,48.0,2
2157,ST032,L0720,47.5,2
2158,ST032,L0722,45.0,2
2159,ST032,L0724,44.0,2
2160,ST048,L0728,24.5,2
2161,ST048,L0730,11.0,2
2162,ST048,L0732,15.0,2
2163,ST048,L0736,44.0,2
2164,ST048,L0740,35.0,2
2165,ST048,L0799,28.5,2
2166,ST078,L0728,17.0,2
2167,ST078,L0730,25.5,2
2168,ST078,L0736,23.0,2
2169,ST078,L0737,38.5,2
2170,ST078,L0740,39.0,2
2171,ST66,F1003,20.5,2
2172,ST66,F1004,39.5,2
2173,ST66,F1005,25.5,2
2174,ST66,F1101,14.0,2
2175,ST66,F1102,22.5,2
2176,ST66,F1103,30.5,2
2177,ST66,L0833,49.0,2
2178,ST66,L0835,47.0,2
2179,ST66,L0838,44.5,2
2180,ST66,R086,18.0,2
2181,ST66,R087,17.5,2
2182,ST66,R097,36.5,2
2183,ST66,R103,25.5,2
2184,ST66,R107,20.5,2
2185,ST66,R108,25.0,2
2186,ST66,R109,35.0,2
2187,ST033,L0709,11.0,2
2188,ST033,L0710,8.5,2
2189,ST033,L0711,22.5,2
2190,ST033,L0712,25.0,2
2191,ST033,L0713,28.0,2
2192,ST033,L0714,18.0,2
2193,ST033,L0715,11.0,2
2194,ST033,L0716,57.0,2
2195,ST033,L0717,41.0,2
2196,ST033,L0718,32.0,2
2197,ST033,L0719,46.5,2
2198,ST033,L0720,81.5,2
2199,ST033,L0721,47.0,2
2200,ST033,L0722,73.5,2
2201,ST033,L0725,23.0,2
2202,ST033,L0798,57.5,2
2203,ST033,L0799,36.5,2
2204,ST75,F0101,54.5,2
2205,ST75,F0102,48.0,2
2206,ST75,F1203,39.0,2
2207,ST75,F1204,41.5,2
2208,ST75,F1205,49.5,2
2209,ST75,L1122,57.0,2
2210,ST75,R001,54.0,2
2211,ST75,R004,39.0,2
2212,ST75,R008,42.0,2
2213,ST75,R009,46.5,2
2214,ST75,R107,69.5,2
2215,ST75,R108,49.5,2
2216,ST75,R1114,34.0,2
2217,ST073,L0101,49.5,2
2218,ST073,L1222,10.0,2
2219,ST073,L1223,7.0,2
2220,ST073,L1224,46.0,1
2221,ST073,L1227,40.5,2
2222,ST073,L1229,18.0,2
2223,ST073,L1230,21.5,2
2224,ST073,L1235,26.5,2
2225,ST074,L0105,81.5,2
2226,ST074,L0106,42.5,2
2227,ST074,L0107,61.0,2
2228,ST074,L0108,43.5,2
2229,ST074,L1135,59.0,2
2230,ST074,L1224,14.0,2
2231,ST074,L1227,51.0,2
2232,ST074,L1229,82.5,2
2233,ST054,L0828,38.0,2
2234,ST054,L0829,18.0,2
2235,ST054,L0831,16.5,2
2236,ST054,L0832,8.5,2
2237,ST054,L0833,32.0,2
2238,ST054,L0836,24.0,2
2239,ST054,L0837,7.0,2
2240,ST054,L0839,32.5,2
2241,ST055,L0828,53.0,2
2242,ST055,L0829,24.5,2
2243,ST055,L0831,36.5,2
2244,ST055,L0837,7.5,2
2245,ST055,L0838,17.5,2
2246,ST055,L0839,23.0,2
2247,ST060,L1029,28.5,2
2248,ST060,L1035,40.0,2
2249,ST060,L1037,35.0,2
2250,ST060,L1038,47.0,2
2251,ST060,L1039,18.0,2
2252,ST060,L1040,22.5,2
2253,ST060,L1041,52.5,2
2254,ST060,L1060,40.0,2
2255,ST068,L1128,44.0,2
2256,ST068,L1129,20.0,2
2257,ST068,L1130,56.0,2
2258,ST068,L1131,40.5,2
2259,ST068,L1134,22.0,2
2260,ST068,L1136,12.5,2
2261,ST068,L1298,60.5,2
2262,ST069,L1131,41.5,2
2263,ST069,L1132,41.0,2
2264,ST069,L1133,49.5,2
2265,ST069,L1135,35.0,2
2266,ST069,L1136,25.0,2
2267,ST069,L1234,32.5,2
2268,ST069,L1297,9.5,2
2269,ST069,L1298,21.0,2
2270,ST037,L1007,23.0,2
2271,ST037,L1008,25.0,2
2272,ST037,L1009,8.0,2
2273,ST037,L1010,27.0,2
2274,ST037,L1011,24.5,2
2275,ST037,L1012,16.0,2
2276,ST037,L1013,15.0,2
2277,ST037,L1016,30.5,2
2278,ST037,L1017,50.5,2
2279,ST037,L1018,23.5,2
2280,ST037,L1020,8.5,2
2281,ST064,B1036A,9.5,2
2282,ST064,L1025,33.5,2
2283,ST064,L1028,12.0,2
2284,ST064,L1029,23.0,2
2285,ST064,L1030,18.5,2
2286,ST064,L1032,12.5,2
2287,ST064,L1060,25.0,2
2288,ST064,L1061,17.5,2
2289,ST044,L1121,22.0,2
2290,ST044,L1122,21.5,2
2291,ST044,L1123,32.5,2
2292,ST044,L1135,32.0,2
2293,ST044,L1213,29.5,2
2294,ST044,L1214,36.5,2
2295,ST044,L1219,50.0,2
2296,ST044,L1220,29.5,2
2297,ST044,L1221,26.5,2
2298,ST065,B1036A,10.0,2
2299,ST065,L1024,75.5,2
2300,ST065,L1024B,31.5,2
2301,ST065,L1029,43.5,2
2302,ST065,L1030,12.5,2
2303,ST065,L1032,17.0,2
2304,ST065,L1037,23.0,2
2305,ST076,L1135,24.0,2
2306,ST076,L1223,11.5,2
2307,ST076,L1224,45.0,2
2308,ST076,L1225,30.5,2
2309,ST076,L1235,44.5,2
2310,ST040,L1045,8.0,2
2311,ST040,L1106,38.0,2
2312,ST040,L1107,40.0,2
2313,ST040,L1108,30.5,2
2314,ST040,L1109,32.5,2
2315,ST040,L1110,36.0,2
2316,ST040,L1111A,21.0,2
2317,ST040,L1112A,32.0,2
2318,ST040,L1113A,41.0,2
2319,ST040,L1114,17.0,2
2320,ST040,L1115,23.0,2
2321,ST040,L1116,14.5,2
2322,ST040,L1117,7.0,2
2323,ST041,L1106,22.0,2
2324,ST041,L1107,29.0,2
2325,ST041,L1108,31.5,2
2326,ST041,L1109,37.0,2
2327,ST041,L1110,23.0,2
2328,ST041,L1111A,24.0,2
2329,ST041,L1112A,27.0,2
2330,ST041,L1113A,11.5,2
2331,ST041,L1114,36.5,2
2332,ST041,L1116,9.0,2
2333,ST041,L1117,17.0,2
